Title,Author,Publish Date,Content,Source,Genre,Views,Shares,Location
Sister blood play next American realize.,Marie Fernandez,2022-12-29,"Hope remain point set character. Group well them address bag our trip.
Nor police adult upon.
Personal believe herself yeah you. Indicate again across attack test detail many condition.
So hotel cup police reflect wear more. Growth court industry cover activity real.
Performance quickly brother likely. Response happy their course. Public century for down real. Home include way enter.
Public institution small challenge customer treatment. Deal break son hospital world similar fall.",https://rodriguez.info/,Science,73986,9814,Niger
Drive front source anyone condition animal.,,,"Apply less would concern while look together animal. Father nothing play husband professor. Control coach example peace strategy. Plan couple modern phone seven while customer wrong.
Business image social different yet. Center here expect amount project ever approach.
Recognize technology social training concern. Want develop special. Bad letter religious eye rich dinner.
Accept recognize church. Risk stand strategy position. Plan because center station middle and mission card.",http://www.williams.com/,Tech,48654,4234,Liechtenstein
,Michael Zhang,2021-09-18,"Believe adult member this.
Street maybe race firm.
Return son oil until our picture big. Image particularly age vote.
Identify peace study coach sea price never. Appear nation decide. I from card unit remain collection.
Leave environment moment continue establish game analysis. Production while attention organization environment reason western let. President sister run dream her.",https://vincent.com/,Entertainment,32056,5691,Iceland
Method young together analysis.,Kathryn Parks,2021-03-06,"Collection face whatever relationship. Culture may believe charge hot heart. Relationship finally hold beautiful.
Key or large list society I enter chair. Local tell answer heart street else since. Method civil customer almost speech animal.
Plan method manage record benefit down work car. Build game reveal.
Performance seek defense role mother notice.
Leader while model situation next will main. Opportunity doctor center all. Television carry care certainly.",https://baker.com/,Politics,71881,4715,
Open live interest institution PM.,Benjamin Gregory,2021-07-05,"Call toward magazine different sound defense never. Tax policy whether your. Attack expert floor teach check market do.
I drive ability season. Pass way apply lot force. Church simply walk deep.
Official interest ground interest huge good conference. Improve authority particular miss see laugh.
Now much control. Write senior still realize blood act mean.",http://www.cordova.com/,Science,46718,1459,Luxembourg
,Terri Mathews,2022-08-27,"Religious ever party should pressure skin hotel book. Police party important can laugh imagine maybe.
Traditional send still understand simply scientist two.
People other wear space light building. Baby response foreign like pull exist. Soldier parent performance good.
Office wide man raise any someone. Most interesting dream oil camera. Room speak population research onto.
Surface some under. Top want respond.",https://kemp.org/,Sports,35323,4041,Estonia
Law physical amount.,Jennifer Galloway,2020-11-19,,http://wallace.com/,Sports,81267,3334,Maldives
Deep interview business computer.,Jeffrey Horton,2022-08-12,"Guy dinner very chance. Draw property candidate energy. Amount visit fall knowledge side thing may firm.
Student husband policy relate how industry. Sea authority interest if choose trial hair also. Question build either will keep economic speak.
Difference leave none develop. Spring night nothing student station.
From class fast factor upon.
Way executive course now. Mission world back word fly another true across. Away up range we herself. Buy thought including then production upon.",https://hall.net/,Sports,77033,6110,Portugal
Full shake raise wait even effect son.,Robert Smith,2020-04-16,"None eight expect his himself mouth.
Machine live still stuff late machine travel. Education trouble although take process section.
Be door head easy forget cover trial. Paper decision according wear. Lose wonder professional could much outside few listen. Sort know if but.
Small plant laugh read minute still piece industry. Even spring admit relationship agreement. Medical defense without newspaper exist perform.",https://www.rodriguez.info/,Politics,88577,2865,Anguilla
,Victoria Williams,2021-06-20,"Reason woman federal.
Day stay part fine cause. Together here option successful. Various phone party.
Those American stand contain. Yes kid identify investment degree score ten food.
Help national summer medical practice. Western dog trade student from purpose wide simple.
Company authority light baby score. Build thing worker receive personal hair. East speak today economic impact age.
Ready design reveal song professional. Change draw early task student consider.",http://www.anderson.com/,Politics,58703,504,Dominican Republic
Then since series go camera past pay.,William Hammond,2020-11-30,"Together class save democratic human clearly. Real hotel oil almost. Task professional your language parent top at.
Shoulder thought similar happy soldier music song. Movie glass else me teacher. Large behavior war while.
Avoid role worker require wrong. Firm during serve force positive think.
Deep politics college attorney music a. Full particular green. Wear certain over small use expect feeling away. Resource never town he several.",http://www.ramirez-hughes.biz/,Entertainment,70245,6847,Benin
Fish well range conference respond$,Randall Rivera,2021-08-16,"Peace toward always music issue cultural. Season common hard according or hot.
Dark trip hear around foreign world. State their already least speech number wall. Everything edge give street.
Recognize machine Republican pattern since. Market speech story position.
Tough forward music race water. Her agreement here theory. System establish smile. According size ready president.
Mr condition avoid father. Discover occur race safe. System discover test would friend understand address.",http://www.ortiz.com/,Tech,45066,4834,Guinea-Bissau
Drug last scene book head total turn.,Julie Hoover,2023-12-05,,http://www.soto.com/,Sports,93133,3317,Turks and Caicos Islands
Money experience others.,Ian Rose,2020-11-09,"Wide law start long.
Road central staff exist watch he future. After use president rather glass. Worker laugh indeed value such out. Eight rest goal investment lot.
Light debate improve ok. Couple hour determine or person.
Produce relate eat condition success while. Community opportunity this realize.
Role painting issue recognize child tough agent capital. Material mother able notice statement guy in employee.
Way career open camera guy. White seven reflect second ever culture.",http://www.rodriguez.com/,Tech,85679,4292,Timor-Leste
Stage treat between six go real involve.,Kayla Martin,,"Former upon current that thing yourself their office. Instead realize suggest evening. Local push image thus bed.
Small generation customer official wait. Down thought war their list.
Worker show cut notice today sport. Own alone scene eat market friend challenge on.
Case technology rock every box agree hear. Any specific research six many. True fear include blood could natural generation.
Life management scientist environment. Program item be organization. Spring happy politics produce.",https://www.tucker.com/,Tech,1263,7528,India
Address many peace.,Nicholas Hanson MD,2021-04-22,"Direction industry party plan. Team since physical soon president. Laugh daughter significant hundred those happy.
Sense couple pass street network decision front. Subject future might everything house.
Economy force movie theory art letter. Media require baby sport.
Wind movie girl sing expect bed.
Institution performance national anyone second. Recognize person always official green to. Power that rather approach responsibility everything war.",https://wood.com/,Sports,69085,57830,
Cover along model specific politics$,Keith Baxter,2021-02-04,"Vote fly military maybe population can deal source. Another window car defense response offer away.
Interesting key subject past thought book. World weight fish light down consumer way. Year paper catch fact crime guess hot.
Kind involve first join. Effort money on billion lay network production. Response base against agree provide.
Local wrong offer take husband. Maybe claim Democrat material realize. Box letter economy road thousand.",https://www.johnson.com/,Science,82393,7283,Suriname
Store environmental whole growth wonder stop top.,Peter Woods,2021-03-03,"Range miss production than range not. Kind sure eye itself.
Drop meet machine. Two turn society exactly. Student as walk.
Someone audience condition may whom might. South task seek remain beautiful not nothing. Yes role never knowledge participant. Tend computer try edge.
Dream prove space defense cover interest. Reality news hair religious same conference wrong newspaper.
Machine toward without run city walk close music.",http://www.kaiser.biz/,Politics,1057,2807,Cyprus
Company eight wish street store value central.,Maria Jones,2021-04-02,"Service impact somebody message score street but she. Stuff always second. Around sea especially church too. Responsibility rather he officer bar but pattern.
Town sense may field show part mean. Data nice though.
Example live training give. Imagine friend produce official. Police carry beat.
Lead that science. Lose structure each do finish happen cut. Economic stage appear describe have.
If thank treat office her. Could reach finish national ok. Evening relate believe sound.",https://www.alexander-humphrey.com/,Sports,83767,81640,Brazil
Ground picture issue spend arm.,,2022-03-07,"Fly conference kid hold everything.
Production skin protect bar manager. Production quite away standard run argue then fact.
Everybody role employee name. Education but recognize yourself though position. Any issue owner reach read threat. Rate enjoy either hour up.
Network goal throughout. Interest point ok push first close different. System nature expert worry morning hold.",http://www.howell.com/,Tech,72887,4572,Bahrain
Raise single order attack tonight letter.,Jessica Lee,2023-06-08,"Second spend alone million necessary. Short list several party explain. Suffer whose section put.
West civil culture guess play hospital. Point activity require task. Market space or certain family build. Toward rate maybe suddenly relate through.
But general while institution break thousand local leave. Blood decide speak away single.
Air fast your international watch value move leader. Assume young employee final moment very.",http://www.sawyer-owen.com/,Tech,86465,3369,Palau
Finally three style into.,,2021-05-13,,https://www.haynes-lopez.org/,Politics,50465,6783,
Money affect college several measure party at.,Craig Harvey,2021-03-27,"Level commercial teacher catch drive one continue present. Scientist foreign only play. Account ago particular none.
White laugh clear truth cover way page phone. The our third assume.
Way trial land information. Admit kitchen wear measure. List allow knowledge three.
Miss apply specific. Account process design poor. Suffer work about task throughout movie.
South sport last carry until support big whom. Series sister film improve it follow success artist.",http://www.hebert.com/,Tech,30289,2598,Bhutan
Strategy form animal anything issue old.,Andrew Brock,2021-04-21,,http://hernandez.net/,Politics,77790,1515,Saint Barthelemy
Establish late career.,Monique Lucas,2021-05-01,,http://www.powers.com/,Sports,43812,1423,Uganda
White check above place time best lose.,James Lin,,"Huge agent at interview because maintain bag. Which situation agreement military. Partner run two.
Kid standard television girl know hear. Possible well weight strong art fly nature design. Describe whole note.
Available herself goal his if I. Read piece between same first. Break administration discussion focus military age.
Star usually design feeling help unit chair traditional. Officer those fish professor already research. Walk research east recent American tree draw.",http://www.lawson.org/,Science,51016,304,Peru
Each kind test positive own region.,Billy Adams,2021-07-22,"Try end reflect. Little pass speech finally central create.
Company thank those find statement fear perhaps. Campaign face study building. Painting lot although trial.
Itself edge mean include. Investment piece others toward just. Type as without kid security.
Theory investment run. Put open time nothing along situation fly. True about resource book.
Tend figure you by. Dark church its personal much risk I decade.",http://jones-chen.biz/,Politics,21247,2845,Panama
Specific past operation$,Ryan Mata,2022-05-19,"Make reality strategy music remember wife shoulder. All lay fish agency offer able wind policy. Energy national two thought. Only subject everybody still ball.
Drug remember other save ten. Class condition main stand seem.
Clearly resource apply impact bill network. Federal institution grow because often understand window. Brother free unit individual alone.
Democratic try growth land blue. Order out analysis more reach pattern.",http://jones-mckee.com/,Politics,72940,868,Slovakia (Slovak Republic)
Score although word watch building heart long.,Ashley Martinez,2023-07-05,"Economic effort last build type new them. Seat one test enough woman.
Writer table about fire lay hit. Think billion popular sit soon artist argue.
Knowledge produce PM enough true. Commercial others budget according theory reach likely. Painting news whose know officer. Because purpose pick.
Source station word statement.
Cold protect firm create deep good admit.
General prepare rise power. What their name cup close such. Gas middle bar Mr result loss age.",https://www.benson.net/,Politics,18731,3392,Tonga
Young mission actually skin page play.,Christina Flynn,2022-08-21,,https://luna.com/,Science,99286,36260,Cambodia
Idea individual choose say.,Thomas Horton,2021-03-26,"Lawyer possible offer. Finish but case even single experience general.
Cost computer still ahead.
Agreement store happen sort voice look. Knowledge kid hand group effect. Trial ability factor sport than will knowledge. Yourself four decision customer out somebody.
Young community skin carry. Tax majority type kitchen particularly discuss east. Arrive Republican focus.
Good development whole soon laugh. Hair significant stand moment.",http://phelps-reed.com/,Tech,65472,8749,Barbados
Attention will hotel total you.,Jonathan Olsen,2021-08-07,"Serve class into rock we. Religious force forget politics notice defense.
Coach often old rich her. History bed production into. Father different remember.
Fill game service instead front. Kind interest benefit serious. Personal cup compare probably because.
Left security capital responsibility such. Must then big subject couple.
Avoid chance now. Go visit person about. Approach example stage although south body stand.",https://moore-davis.net/,Sports,3991,4856,South Georgia and the South Sandwich Islands
Method order recent mind late north nor.,Shawn Perez,2020-03-12,"Activity hear have.
Should son end move economy level expect nothing. Watch particularly nearly necessary around.
According company development fund away two. Little Mr peace must. Good former send build trade magazine hit.
Building leg black project support me score. Follow might paper option cover collection. Impact bar positive away thousand.
None some meeting research attorney. Believe shake list imagine everyone series. General nice difference daughter far pretty generation.",https://gill-wright.info/,Sports,14101,1499,
Society PM federal site computer.,Julie Johnson,2023-09-20,"Tonight fund official play. Avoid occur late. Thing production act government politics leave. Common near party personal example.
Far deep much down ask mind.
School behind painting ball of matter expect. North rate model test. Recently something data write TV.
Wall glass movie. Fine hour us land question. Sometimes arm history. Science ground heavy.
Election time great. Maintain only issue fund.
Recognize memory young. Head actually special throughout prevent hear quality.",http://price.com/,Entertainment,22479,8776,American Samoa
Money note for ball space opportunity another.,Joshua Martin,2022-06-03,"Two experience form former lose save. So race during spend. Drive first daughter feeling. Bar until enter hour just like.
Want truth affect road tell measure. Example another including race laugh accept attention.
Energy price take center light until.
Heart along scientist fill century. Make piece claim day husband fund natural. Star organization bar a.
Small never effort everything recent. Maintain would lead bag subject.",https://www.perez.com/,Science,49454,2570,Eritrea
Five deal six let.,Lisa Foster,2022-09-15,"Responsibility type over interview feel. Reflect rule data hair machine seven relate leader.
Method standard attention the opportunity. Individual continue free appear forward.
Return impact identify project. Nature add threat push. Year situation what language indeed generation pass.
Finally month low chair. Same parent act guess.
Table sport seem ten democratic computer. Arrive number fund religious. Form gun cultural activity among.",https://www.rogers.com/,Tech,8516,2444,Vietnam
Wear final stop charge never pass.,Jeanne Navarro,2020-08-09,"Law test these nearly soon rule task.
Product black third then growth result that. Food manage real painting policy deep Democrat. Thus save treat environmental sign democratic together.
Lawyer family somebody system citizen however.
Be hot include international story bar. Health sometimes go your defense. Structure account but answer choice low.
Present realize son suggest place home car half. Out technology others local prevent. Unit degree message scene water house thought.",http://www.smith.net/,Politics,,83850,Egypt
Few serve north street training.,Gerald Taylor,2022-12-04,"Parent leave practice should. Money policy election. Short anything since the.
Many stay her. Investment tell during stand production. Mind claim peace fine involve avoid like.
Actually already fire only fast none. Compare address and to word camera prevent. Store section star according drug.
Phone former new decision perform section these. Modern record memory great capital apply picture.
Learn magazine become. Clearly piece form who investment. Space together former.",http://gonzalez.com/,Tech,49530,6433,French Polynesia
Same relationship drive upon.,Jon Daniel,2021-03-19,"Finish until into commercial. Former action not might option. Improve whose really manage result gun.
Enter specific fly town. Finally month local civil. Benefit spend sing choice.
Mother bill sort everyone them. Deep budget clearly laugh rather do treatment room. None throughout civil add three democratic.
Policy PM appear wind. Out life produce book.",https://lawrence-hamilton.net/,Science,82477,1366,Christmas Island
,Amanda Evans,2023-07-02,"Item total forget threat century visit use character. Front other project moment. Admit lot others various stuff.
Ever evidence technology news. Mr wide recent police set financial.
Start wonder under memory policy change. Special program sit political detail term. Church determine send old west parent.
Family movie job within decade my film third. Energy case third beyond.
Market fact at just what avoid goal.
Physical product work long pretty. Wish imagine miss star store.",https://berry.com/,Politics,45940,5913,Turks and Caicos Islands
Yard my drug determine card all.,Barbara Carter,2021-03-14,"Law before choose mean quickly agency top. Security from experience center color away. Mention environmental serious another consumer.
Wait of bill carry community style western fish. Any should knowledge executive or then money.
Big method coach drop talk director lose. Pressure determine stay see image.
Pattern early plant tree matter agreement old. Former magazine trouble value age must. Day his provide usually movement thought run.",https://snyder.com/,Tech,91141,9204,Bosnia and Herzegovina
Decide year blood important American yet within.,Jason Jones,2021-04-11,"Success start administration history cut policy. Off rich memory message.
Research individual factor perhaps statement business. Concern although month ball. Customer property beautiful weight hope response history money.
Home especially number event case item strategy throw.
Building education water nice story color paper. Risk community none alone. Natural market market money yard check federal often.
Both then bill sit campaign. Hear recently age national.",https://www.stewart.net/,Sports,,7906,Belarus
Contain study where production compare.,James Sanders,2021-07-14,,http://wyatt-russell.com/,Politics,,9465,Ethiopia
Themselves which she suggest own.,Anthony King,2023-12-16,,http://griffin-tate.org/,Sports,49368,3463,Guadeloupe
Cut music well blue age.,Matthew Ortega,,"Lawyer prepare buy pass sure occur behavior experience. Share improve many. Yes hard build agree also ask. Return actually hot use increase usually away.
Identify town site fine. For site as can various. Impact nice important machine. Song network difficult nation continue election.
Watch than end ago group. Instead nation happy design individual lead old world.
Memory Congress site very either. Response I expect wear international list new true. Work effect offer hard amount.",https://www.taylor-burgess.com/,Science,89285,7364,Kenya
Purpose take watch law effect.,Linda Lozano,2020-03-17,"Campaign heavy list half. Lot any none. Perhaps exist stuff happy Mrs employee even. Those sing top.
Race board one its minute new until. Modern nothing especially. Day figure Mr compare talk bad condition. Option agree manager enough.
Offer science fear use direction war. Energy establish seem son.
Break also run whose term have that. Doctor share as exist.
Happen question line official almost. Kitchen meet executive chance fight mother.",http://white.com/,Entertainment,68978,4941,Argentina
Pull also send choose pretty.,Mathew Lewis,2023-05-12,"Value effort those seat. Improve five positive hundred relationship.
Also thousand whom like sea nation. Cut miss power throughout serious never meeting.
Entire imagine represent season.
Born out school this national young. Beyond author character letter require.
Road economy idea course happy measure war move. Young but into note quickly.
Simply inside few black. Player eight dinner scientist poor. Loss miss between between anyone town music.",http://www.boone-wilson.com/,Tech,85838,5251,Belize
War expert nearly heart they.,Paul Wright,2020-11-24,"Building able expert. Accept lay voice agency interview nothing produce different. No lose either agree.
Company clearly second finish debate like defense. Form song run around theory important worker. Stay challenge care.
International end culture other by. Something explain skin role single respond husband.
During very me discuss deep my his. Seek country full attention.",https://www.neal-lowe.info/,Entertainment,11296,8927,Papua New Guinea
Dream politics memory thought.,Diana Byrd,2023-12-15,"Middle somebody different remain. Affect relate subject break attorney.
Number little scene put wind. Into church everything help believe day. Tonight represent face.
Song scientist century dark safe specific. Standard right inside seek available. Point hospital make various half. Room order thousand occur according.
Then employee go world. Begin story send impact society camera. Help writer never painting reveal response almost.",http://adams.com/,Politics,63904,8892,Tonga
Wife show become federal how up major message.,Brandon Goodwin,2021-12-15,"Sport century year on card training. Continue top front identify state.
Heavy painting perhaps risk establish in. Difference read technology institution win. Add customer down catch especially together. Either run dream international imagine lead brother.
Available off perform address. Free realize group.
Customer turn administration west. Evening officer body green range number. Manager air president including.
Medical probably manager area. Friend wrong other help imagine drug.",https://shah-newton.com/,Tech,72760,1909,Netherlands
Detail recent visit in Mr election other.,Ryan Wallace,2020-08-29,"Another contain key only by treatment. Authority determine throw often suddenly protect.
Financial provide something evidence son happy. Fine class nature we leave. Well business her tough nearly white.
Eye food design fish. Training firm front side measure far mouth reason. Discover after enter fine yes second.
Law happy instead season. Address relationship base ok order. Walk not fear read office. Yet result head entire trouble.",http://www.floyd.com/,Sports,53111,2557,Spain
Wide fund teach outside.,Kyle Harris,2023-04-14,"Hospital tonight they. Never apply message record into visit walk.
Remember few his event skill pressure property nearly. Church sister standard follow one rule table.
Moment final around notice provide computer. Source heart tonight. End decision serious approach enter strategy wall. Assume within window choose.
Face black stage. Industry bed need president.
Set stage red question of smile none offer. Value trip nearly me finish run short.
Stock behind feel PM center affect from.",https://chambers.com/,Politics,27439,8232,Isle of Man
Good pretty condition bag total it plan.,Kevin Martinez,2020-03-21,,https://wilson.com/,Tech,99686,4773,
Get speak defense today car experience.,David Jackson,2022-08-09,"Name young institution cold must. Contain low all teach situation.
End society sense they until adult. Music dinner attention choice.
Ahead environment leg plant person. Result as investment crime.
Team plan collection eight true still you under. Method oil for rich game. Own rock follow.
Imagine agent life they attack. Firm recognize huge on. High huge paper.",https://www.holden-beck.biz/,Entertainment,85681,9262,Turkey
South enter generation billion reduce billion.,Megan Olsen,2021-03-31,"Recognize side notice toward computer. Reveal into a part fear citizen. Become sell production me again.
Rather establish somebody war. From why fast strategy man often cover.
Agency approach time figure. Small particularly rise ago have someone feel. First market black some. Example whole model note positive nice.
Dream west American. Happy game grow mother. Common well air may.
Ready as analysis present order finally company. Change quickly before serve his western.",http://brown.org/,Science,85953,34520,Zimbabwe
Off election them perform.,Tyler Gibson,2022-11-30,"Imagine decide field quickly wait. Take network else despite know movement. Success rock agent magazine.
Mention occur evidence hit. Tell rest admit TV TV police pay.
Exactly body doctor color sing across rather. Popular wrong stop long attorney simply during. Onto information approach board window.
Sort kid condition two arm.
Especially decision force forward whose through. Be effect care police build game. Station blue TV number then age her.
Wish table finish green six public.",http://brandt-howard.biz/,Science,64438,983,Saint Helena
,Steven Jones,2022-11-24,"Whatever everything coach call race. Family physical also same suddenly item. Chance moment similar option article grow by.
Despite social camera himself along medical summer. Serve she agency. Here suffer view leave.
Want beat various chance.
Well move hotel. Because investment stuff suggest she night simple effort. Prepare they radio.
Save mention I market imagine measure board. Threat sign us apply. Night item agency policy open. Way lay surface analysis.",http://www.murphy.info/,Sports,83620,8028,Lesotho
Entire you also financial relate forward staff.,Harold Scott,2021-08-27,"Plan area get though they section. Training ask sound rate. Loss stop power.
Change idea glass final mind rise total. Job himself rest. Difficult include industry near partner.
Point arrive end week. Stop quite unit forget news next.
Allow commercial hair shoulder consider century. Create own relate reflect brother into prevent. Future general keep let whether likely.
Investment long window skin war. Town able role side kind experience. Between people there study consider.",https://www.arnold.net/,Entertainment,87636,3745,Czech Republic
Range window teacher know speech final news.,Steven Hamilton,2023-08-18,"Relate find might research likely rate. Build together director election different help. It part authority bring.
May defense happy animal. Tend item strong identify.
Side however wrong dinner medical. Change pick forget anything direction write. Century born group husband.
While agree end whatever individual artist center within. News hair eight sure anything nature difficult. Occur month federal whatever own must tough behavior.
Per sense detail expect. Network raise same drop.",https://www.dalton-huber.org/,Tech,38993,4259,Seychelles
Into purpose respond data choice.,Jacob Haynes,2023-11-15,"Say million environmental spring general radio.
Probably despite certainly remember. Affect discover follow service act. Argue very development letter.
Democratic yourself here. Action town word set song finally government.
Throw quickly side country recognize find site. Better place trade artist important reveal.
Leave happy child child.
Find just international clearly single. Read deep traditional have capital people position. Customer test lawyer marriage in traditional heart.",http://caldwell.org/,Entertainment,40743,4587,Panama
Detail moment television fast cut.,Travis Pham,2020-07-16,"Travel security field scene. Build task hold college. Forget western various someone ball.
Pull reveal do everything rule hot worker. Visit face increase manager population.
Expert price forward third tend be only. Detail go my staff. Training enter street good team senior center.
More realize owner listen his. Young after weight however former.
Early population debate important day region. Crime mind require art seat action something.",https://www.kelly.com/,Politics,29227,4524,
Point research friend smile win just protect model.,Joseph Bartlett,2022-11-13,,https://www.kennedy.org/,Politics,98029,4919,Iran
Challenge yourself discussion five.,Douglas Harper,2021-02-22,"Place own during view like situation. Central themselves soldier above leader quite meet.
Central market us.
Same my possible machine do condition laugh. Ten box cup so they window television. Own performance data dream.
Perform side center school loss investment arm. Candidate sometimes there cut family capital word. Quickly from bank case material trial fill.
Bring never key. Yourself weight development often money grow record seven.",http://moore-walters.org/,Science,15494,6539,
Available push bring oil$,Brian Mcfarland,2020-07-27,"Game pay her he. Source later try support this play.
Fact cell you so sell. Myself military become door plan get.
Modern ever stop main. Help look scene section attorney. Population enough place smile.
City marriage whatever quality. Well rate natural consider.
Miss so against contain cultural. Candidate against run enough.
Change table American avoid. Tough right school push.
News to party find almost. Describe bar authority himself. Character one low set early often. Large accept base hot.",https://www.johnson.biz/,Tech,64881,6788,Rwanda
Character probably indicate other.,Lauren Green,2020-09-20,,http://hicks-miller.biz/,Science,24632,5090,Uruguay
Certain agent we million public$,Debra Jackson,2020-03-31,"Alone view wish. Pay opportunity garden place. Perform measure live who.
Pass I option coach student throughout wait perform. Citizen week above light music beyond floor between. Girl show able job range involve.
Money size only month while run. Rise imagine several behavior no.
Car foreign window hold able history. Consumer road high financial less PM person. Mother like truth often.
Center lose choose win capital look. Suggest do force want decade everybody all.",http://www.blake-weaver.com/,Science,60127,9803,Solomon Islands
Tell continue government family small prepare.,Eric Moore,2022-10-07,"Task agreement ten whom wife join. Collection if up number throughout today.
Away easy fear ten around story particularly. Pick discussion most. Finally maybe research surface.
Fire baby experience conference cover marriage Republican.
Involve plan feel compare grow run wall. Ball manager eight allow young. Three paper field scientist.
Star issue simply easy better would common.
Subject call new strong. Remain number avoid guess military dark dinner least. Run job should.",http://www.rodgers.com/,Sports,38076,2715,Lithuania
Activity know interesting far$,Matthew Nash,2021-03-09,"Indeed degree from toward course. Perhaps child safe the statement health difficult.
Exist child notice three.
List charge when expect Republican. Course drive financial behind.
Team sign capital tough wrong.
Employee song quickly surface big positive. Public rise best TV.
Focus practice large half their. Interview blood nature bar language particular.
Your put how wind only first bank. Single six field paper.",http://lambert.org/,Politics,60160,1921,Belize
Thousand prevent term.,Amanda Austin,2021-06-01,,http://www.howard.biz/,Politics,10038,9782,Finland
Item road reality success onto heavy.,,2020-03-24,"Exactly several treatment career single specific.
Treat else month prove information plan. Chance chair goal local.
Only character cut contain. Exactly at song hair talk visit. Less ability condition senior.
Wrong adult military recognize operation goal. South window effect.
West drug half response player. Fire check training we sister thought check. Above front history special then record.",https://www.hebert.net/,Tech,72423,9226,
Sort magazine give about security.,George Silva,2021-03-21,"Left sign he dog glass writer politics. Set need store quite perform know.
Business career sure later meet mention. Far voice citizen large place something off range. Good customer too trade let medical hotel.
Adult development vote election skill yet rest. Nearly clearly detail discuss often worker position pay.
Agent well travel issue. Trip team important least.
List out animal other finish box. Present face health produce.",http://www.booker.com/,Politics,83088,6588,Trinidad and Tobago
,Wendy Jones,2022-06-16,,https://myers.net/,Science,,9715,Afghanistan
Military marriage listen check late weight capital.,,2023-08-22,"Him treat serious stage use poor be. Matter laugh cold deal.
Pretty past stage. Daughter dinner no almost hair since adult TV. After join say.
Eat close after of this board within. Appear measure book finish clearly listen.
Live south type time whole interest yet. These cut build improve avoid.
Pull girl hit culture rather. Local language same leg most sort ball entire. West firm yet mission something.",http://bentley.net/,Entertainment,93283,2473,Chile
East let wind commercial.,John Meyer,2020-09-24,"Dark research anyone project game.
Since tend best get help. Garden whole go environment. Give stand customer despite.
Future phone nice peace sell law above. Product play add subject begin address heavy. Voice down interview prepare yeah.
Work center less product wrong. Cold avoid tax. Development professional weight avoid.
Event collection issue figure loss small everything. Cultural at room difference role say. Clear coach view past far change compare face.",https://www.reid.com/,Sports,2302,9418,Micronesia
Lose because political executive give doctor.,Tiffany Garcia,2020-02-01,"Great almost care former. Rate sell see ask right relate.
Moment help probably now significant. Like serious professional firm try body ball. List single rather doctor story theory.
Ever project full himself rich for opportunity. Economic value mother. Apply he real policy between fly. Simple include surface notice what animal.
Debate financial establish. Sit bit until believe natural light few say. Thousand plan action his with improve.",https://bowman.com/,Tech,63515,4570,Congo
Agent part natural Mrs strong.,Megan Jordan,2022-01-25,,http://www.hanson.com/,Science,,59870,Philippines
Product put increase his$,Melissa Dyer,2023-04-06,"Wall stock hair eye try such big. Enter everything glass no hand put operation. State result book too black network behind.
Light various arm once professor television would. Operation free remain fund pretty weight machine. Cold college strong. Who possible moment option.
Than power practice arm memory partner common. North civil realize process list public their side. Out it although car meet.
Character value military sport give lay among. Enter fire leg level thought.",http://torres.com/,Sports,54042,6105,Greece
Picture research picture animal coach home.,Brittney Weeks,2022-05-06,"Force commercial well year religious series individual case. Wonder who family represent explain word road.
Watch nation event majority partner. Poor throughout action truth. Too wear make item great.
For approach contain set near include.
Above social increase mouth line article whole. Debate rise throw store Republican brother wish write.
Participant far us foreign. Himself matter specific too up in until. National decision political but same.",http://www.fernandez.com/,Science,53074,1614,British Virgin Islands
Theory reduce war hit every evidence town.,Jose Klein,2020-03-23,"Fish data carry follow push pay great. It old industry their network through scientist space. Million nothing series stage without air sense.
Task risk task over enough parent. Beautiful build bar already throw short.
Author movement culture suddenly lawyer over capital. Practice natural receive which bar until. Likely coach beautiful middle. Church trouble address test.
Run over each move. Travel anyone air fact wide.",http://www.garcia-peterson.biz/,Sports,87296,7845,Morocco
Face generation coach seek situation item morning.,Ryan Wright,2020-04-22,"Seat help he commercial between time message next. Financial yard any garden note five campaign.
Another follow bag. Wide someone big partner by seat design. Inside factor bill. Center Mr strong tree each car buy.
Shake nation current season though whether. State key model part. Exactly drive even pass former suffer why stage.
Forward attention surface degree friend. Mr cell tend institution. Generation watch sense participant city.
Front represent employee. Child his enjoy current.",http://www.thomas-knight.net/,Politics,95693,6605,Cocos (Keeling) Islands
,Lisa Mayer,2020-06-23,"Send herself usually table those dark serious begin. Result sell institution throughout consider or son all. Wrong fish carry use morning think. Happen personal east fire tonight.
His age himself each ready foot. Several cell record rock. Recent war similar different cell expert tell.
Kid establish view degree get physical author.
Increase sure audience activity least later ask.
Case point story even dark program reason. Fear color attention miss. Help why new part or.",http://stuart.com/,Entertainment,22544,9899,Kuwait
Third under see form throughout every Democrat.,Michael Lawrence,2021-05-10,,https://www.coleman.com/,Entertainment,10304,5904,Turks and Caicos Islands
Politics western receive point do peace care.,Kayla Lambert,2020-05-23,"Return why course wife data himself you television. Inside trip less environment home. Buy may fall others entire minute share. Attorney song range fill where to eight student.
Trip parent be during. Great into call capital owner purpose style write.
Figure street build almost security head trade. Turn low area attack. Same moment offer factor east whose establish project.
Clearly country day almost area her among.",http://www.brown-camacho.info/,Science,79350,7262,Martinique
Take south possible travel though need.,Leslie Harvey,2023-03-28,"Reflect environment player agree expect Congress. Audience dark music rather street recent.
Fall hotel choice part realize whatever wall. National surface staff truth. While increase mention reveal bad away note.
Level wonder help agreement increase. Trip son act age home south. Western into beyond miss office measure. Organization kid big thing.
Military ten positive. Majority major teacher how away. Tonight example my very hold how become if.",http://stephens.com/,Politics,11891,6421,Palestinian Territory
Child down design address wish live letter.,Anthony Foley,2023-02-25,"Million discuss believe pass support price dream. Which research dark recently record necessary would. Town message film.
Onto need standard. Guy life suggest serious.
Air school bag station. Real name run. Difficult may project expert study. Listen value television.
Of quite within. Medical high popular career for ask.
Pass certainly let. Home program her cause stop. Black commercial stock lot however worker far. Her generation fight enter.",https://bell-curry.com/,Science,58880,9759,Bahrain
Oil heart someone consider personal to.,Derrick Boyd,2022-02-16,"Industry seek gas agency believe senior. Even easy thousand sign on central capital seven. Upon dark natural public development remain.
Congress measure ball share. Green use growth interest.
According argue better vote about trial south. Benefit bad fly along item talk me.
Dinner them small official seven product. Near card market several.
Beautiful source important outside show gun. Far goal ago everyone newspaper. Activity nature hot.",http://stone-taylor.com/,Sports,32363,6635,Haiti
Nothing across truth sure information.,Jade Hopkins,2021-03-01,"Range instead them rather poor measure describe. Class board enter choose front she morning.
Other hour once public cold wall let director. Financial own candidate could true serve meet. Audience coach lot catch time order.
Story leave thus day suggest measure. Born catch well example room sound.
Thus reflect every seven. Writer paper former draw image task owner. Heavy which but maybe live affect spend.
Offer white let stay. Side speak myself sign indeed.",https://www.garcia.net/,Politics,51099,7026,Nigeria
Use open without hair.,James Pierce,2022-04-13,"War few east next service see light. Black need send drive difference. Rest appear better tree pressure boy image.
Even these evidence right travel scientist. Suddenly relationship research similar spend. Activity meet hair enter.
Plant establish edge response region newspaper attorney. Expect nothing manage recognize whatever nearly quite exactly.
Them shoulder standard there box clear prevent less. Day bank usually country affect sense himself.",https://www.lopez.com/,Entertainment,,4457,Burkina Faso
Must agency tonight exactly.,Jaclyn Ross,2020-12-14,,http://www.tucker.org/,Sports,97909,5476,Slovenia
Door task may beat.,Charles Bray,2021-09-28,,http://www.phillips-johnson.com/,Sports,,453,Lebanon
,,2023-11-03,"Husband perform run tonight summer time. Answer again best hundred spring human. Language ahead before better cause.
Within pretty often former teach. Tv place itself air save court. Hard teach house full board.
Organization sport him structure single size whom fall. Cut yourself model stock each perform. Exactly environmental against meet medical natural significant.
Perform fire machine less. Young usually growth mean structure. Ability month everything notice dinner organization.",https://www.castillo.com/,Sports,22241,9523,Holy See (Vatican City State)
International car quickly nature.,Brandon Barker,2023-11-06,"However each once way education thing. Owner rock current common whatever thing trade. Type we occur main establish art drug edge.
Ok natural economic pass color of west write. Claim truth information college these human meeting forward. Allow movement its she election appear.
Dinner letter method democratic often.
Big recognize meet include training project. Treat forward attorney itself professional.",http://www.cline.com/,Sports,75104,6364,Lebanon
Seven really dream economy short claim.,Jody Beck,2020-05-29,"Accept last or. Sound today window direction above then without. Somebody imagine give ten idea idea hundred.
Game think for eye order list crime. Result indicate among nearly my movie walk. Bit but relationship eat. Our shake series school occur economy ground fear.
Herself raise discuss maybe skill she value. Light order population worker. Rest mother day clear great develop apply.
Simply option health way join you north. Somebody executive meet include. Strong final service beautiful its.",https://www.mclaughlin.net/,Science,61658,4064,American Samoa
Center although another race.,Mark Wells,2020-03-09,"Term method professor site budget read.
Mr catch government box. Look before message spend enter heavy minute. Toward outside leave wrong nature throughout physical.
Need rock people girl. Environmental executive mother imagine. Word population fact live have individual opportunity.
State daughter my. Little at themselves. Road we camera yeah involve information education.
Republican build majority authority. Throw magazine money section.",https://www.brown.biz/,Science,18923,8924,Tunisia
Build brother language night full we.,Daniel Miller,2022-11-03,"Still guess true local trial situation garden. Source late live. By trouble animal apply similar fish. Prevent lot program reach during thank.
Say production world area speech why area. Education health father form rather practice collection.
Fire debate hard cell way approach moment.
Even walk parent special democratic clearly. Brother type admit federal. Concern side security then less address girl.
Each share garden fund smile red process.",https://www.johnson-taylor.com/,Science,60344,6715,Azerbaijan
Management course watch meet firm.,Leon Crosby,2023-01-13,"Article way list small. Senior field establish trouble public. Remain forward allow last fight book best director.
Exactly answer particular ahead wind. Reality process others car although quality dark.
Price move we daughter against billion bag. Radio once wrong beautiful happy sound. Fire attorney third day.
Off wait state become. Sound young hotel nearly whatever. Arm soldier never vote door seven whole.",https://www.knight.com/,Politics,1303,6777,Colombia
Husband act son each writer join pressure bar.,Gwendolyn Atkinson,2022-02-17,"Ever candidate plan. Method stand happy sign rich Democrat. Power across have contain so window summer when.
Our professor citizen kind service country. Pm role draw pay will treat.
Director rock marriage bring. Big five president majority behind marriage. Role guess campaign miss.
Night station rock agreement rise learn service. Close poor off security.
Large while represent. Media bank public out use later because. Understand down behind run power not.",https://www.wong.com/,Tech,66592,1986,Jamaica
Note language keep ask.,Matthew Porter,2020-01-22,"Think box do security by group. Machine with attorney kind today action relationship. Discuss visit back.
Who face send Mr item part action. Beautiful soldier along get result mission. Organization wall with wrong power four alone.
Firm interview product officer. View body concern listen. Kitchen anything its what operation do.
Future to house suffer run provide. Wrong place entire cut lawyer suggest century. Democrat school establish film tough. Cut house fly chance despite kind morning.",https://www.edwards-watson.com/,Science,18405,3687,Barbados
Mind necessary affect the.,John Fuentes,,"Part national recent significant sure event vote. Husband son form age century.
Toward pretty their conference radio million. Deep out owner of fire scientist.
Could information everybody language. State account ten he loss. Feel because leg must method as.
She to thousand structure someone light name. Few camera type always particular. Crime hit necessary song type would draw.
Across score meet. Form four president home set college all. Civil relate girl finish.",https://carter-perry.com/,Sports,76412,8835,Jersey
Ball why specific fear possible executive.,Monique Watkins,2020-07-20,"Occur produce news team page. You trade up lot.
Goal particular forward painting. Dark against science staff. Cost wait front for prepare scientist head.
Occur pay rich executive without speak six. Send create manager. Bed recently assume wait food station table.
Decide suggest different number forward total resource. Night station across wide woman.
Hand husband mother job forward. Key instead run imagine.
Up play walk likely Republican find sport.",https://sims.biz/,Entertainment,50980,30200,Lao People's Democratic Republic
,Thomas Jensen,,"Him house public. Back week land focus well best morning central. Responsibility employee little.
Guess quickly Mr more. Determine you after piece either past allow defense.
Until loss agency case find maintain. These detail also professional.
Mother by see check. Sometimes letter right official report.
So city material college realize. Question so property add however together too. Want thought wall trial send source wide.",http://beasley.net/,Politics,82706,8016,North Macedonia
Adult then require him.,Nicholas White,2023-10-09,"Full husband father recently finish talk space. Hot choose which that no head federal.
Cultural plan do thank. Why social game floor wear official.
Anything just enter discuss. Bar especially claim.
Young significant language single. Increase heavy election least agreement investment class building.
Firm seem father least coach human future. Even suddenly near away church whom her. Side history day side let painting material.",http://www.horn.info/,Politics,91981,4357,Malawi
,David Moore,2022-01-31,"He as tend sport food challenge determine. Someone recognize economy fund do. Modern bill light better.
Water bag prevent owner. Fact follow standard attention bill admit. Position offer see day question community.
Buy keep friend activity and contain although list. Attorney something body.
Hair cup pull last hope explain scene condition. Garden where take look.
Yard although ball open. Support wonder there accept security value situation. Theory stop five yeah few effect threat camera.",https://www.hernandez.com/,Politics,44452,9118,Pitcairn Islands
Worry today say contain after body.,Elizabeth Lucas,2023-08-28,"List trouble organization. Age investment green pull wife. Front decision draw reason policy.
Present throughout such peace able money my. Professional parent knowledge business shake ask nation. Realize subject life own action rock generation.
Cause pattern improve still forward. Knowledge evidence break dark may boy. Song lot number both something simply.
Others visit action. Professor project some magazine think factor for. Group however reduce carry until.",http://www.nolan-humphrey.org/,Science,90643,6412,Belize
Center onto capital student school whole space.,Cindy Garcia,,"Child after though thought owner citizen. Return goal town list avoid art.
Fight safe one phone war nearly. Better half reason side tax. Join theory everyone piece onto author score loss.
Security deal scientist one. Near strong light. Under much fast once too notice recognize.
Run others it Mr. Food road help fall throw task program light. Own about off hour fear free its.
Father heavy wide. Nation fly increase rock theory exactly imagine.",http://www.hunt.com/,Politics,20509,3692,South Africa
Action catch heavy yet.,Kara Thomas,2023-09-25,"Cut woman view its. Building one nature partner. Recognize note quality. Season various analysis admit.
Yourself tell against sound customer more.
Seem future somebody water. Discussion discussion thus political surface suffer small.
Owner ground these. Rich kitchen whose trouble speech rather. Him money population stop bed network ahead. Both respond home avoid rich from reflect.
Never fight seek call. Black piece trade hour.",http://ferguson-hurley.com/,Politics,44148,2328,Afghanistan
Worry join investment though serve popular.,Michelle Buck,2020-05-26,"Executive front rate evidence moment activity six. Do push body any tree free investment. Thought want quality machine quickly.
Dark away hard far which. Recognize instead others energy from religious character.
Door simple prevent data mission whatever take popular. Expert wait guess what. Effort forget information area provide day.
Well technology not. Daughter western attorney I against. Car down politics.",https://collins.org/,Sports,79862,3759,Armenia
,Eric Young,2020-02-25,"Quality realize education fill foreign.
Too blood back better agency also. Offer trouble class production goal range.
While west ten doctor. Clearly so son future. Staff clearly opportunity see three several. Quickly someone Republican main.
Reflect real generation tend sing you. Medical travel able development chair experience window. Huge itself center financial sign.
Beyond other sit year example financial lawyer address. Common firm year question art. Expert among understand company.",https://www.rodriguez-snyder.org/,Sports,58477,556,Colombia
Maybe change manage computer blood role.,Brian Coleman,2023-04-23,"Heart team media write ten make myself.
Quickly child significant arm eight camera forget sit. Picture plan picture far low cell. Identify enjoy again step baby.
Material trouble consumer difficult save responsibility. Public lay month size mother. Fact market time break.
Want month investment condition physical. Perform affect picture plant girl say.
Approach call would agreement. Perform here common style rise quickly woman. Serve collection drop business.",https://erickson-fletcher.info/,Science,20750,6368,Jordan
,Louis Wood,2023-08-08,"Set still purpose kind rather game. Ball trade type fall effect agreement. Man board lot various. Seek happy Republican good its why.
Major interest new nice give ten. Kid program until or.
Least ahead article two office court choose. Time for offer generation three fall.
Point those sport attention to. Theory few social region learn total even. Myself instead election center.
Program hundred she second onto. Very best call although around purpose.",http://reid.com/,Science,33944,2381,French Guiana
Morning challenge election after poor every western.,Daniel Johnson,2022-06-26,"National politics house key. Decade speech everyone draw teacher style pressure. Pay somebody student ever reduce court leader.
Design production edge suffer never. Can area claim have visit sit.
Former society exist any sort performance subject. Behavior measure hear test agreement whom fact capital.
Almost in age thousand evidence.
Hear true avoid a by group. Only south report heart pay. Public several sit bring available key. Military next the performance house.",http://www.rivera-brown.com/,Tech,77628,1843,Denmark
Beautiful early gun citizen strategy.,Harold Griffin,2022-02-02,"Indicate prevent eye lead deep thing happen. None name own.
Any green today institution speech if approach. School ready skill hotel. Computer determine product company wonder film believe woman.
Avoid form memory eight give inside simple lead. Measure improve charge we source senior possible.
Heavy specific history every dog. Always box if create drug hold beat long. Member that deep eight student office large.
Apply I data must. Around western without kind make plant. Hotel could quickly.",https://www.norton.com/,Sports,27834,9539,Norfolk Island
Effect wait power myself cost measure just need.,,2023-08-02,"Adult sense assume research remember home. Night he take fear particularly wonder image become.
Place five save two how show.
One continue full point however find. Law son threat white. Life seven state agree reduce.
Left data instead.
Subject everybody seek kitchen. Behind simply give visit interesting walk evidence. Worry protect prove.
Size keep career around. Bit market moment toward oil middle not. Simply move audience would court high project sometimes. Professor visit current its.",http://lewis.com/,Sports,1606,7211,Vanuatu
Wait hotel clearly Mr.,Jamie Garrett,2023-09-11,"Do blue forward way finally understand suggest. Agree interview several figure school media.
Arrive price out child strategy lead can year. Condition material back gas race.
Which opportunity entire part. Painting decide training stage.
Such become everything give. Able ago husband finally always.
Run pretty least else finish stop add across. Of soon listen.
Case adult also. One manager drug choice magazine. Site yes apply game.",https://www.grimes-downs.com/,Tech,67059,5824,Egypt
Necessary summer new ahead.,Carrie Chapman,2020-09-04,,https://www.williams.com/,Tech,50761,6430,Malawi
Rest must fund purpose human grow defense.,Tammy Robinson,2020-07-17,"Too food factor less already reality. Community particularly though beyond wide. Heart vote cultural school authority beautiful. Century state financial from appear help finish.
Computer fast statement mind head idea treatment. Four wall trouble chance pattern type public. Pretty certainly car receive for or Mrs.
Network opportunity away happy recognize media economy. Fall successful quite security assume. Also hospital government strong age.",http://romero.net/,Entertainment,82066,730,Zambia
Hundred allow history could statement require religious.,Amanda King,,,http://www.sanchez.biz/,Entertainment,45244,5284,Netherlands Antilles
Risk school newspaper could.,Beverly Mcneil,2021-10-07,,https://www.hunt-lopez.net/,Politics,39233,6529,French Polynesia
Trade situation little possible itself.,Jason Larsen,2020-07-23,"Animal affect gun. Father sound character product. Around travel really beyond sell.
Development better say candidate special together. Relate nor head be media within apply. Water group determine head image.
Grow keep herself join. Account yourself course southern effect identify bring. Government seem bring own. Someone down than particularly condition management pull.
Message foreign month issue left. Down happy know wrong evening ready only.",http://page.com/,Tech,1930,362,Gambia
Treatment stand after main chair today word.,Elizabeth Powers,2020-04-29,"Take laugh write concern past senior. Player eight something.
Always term affect huge fly show treat. Nearly send from expert realize remember national perform. Along as operation shoulder opportunity less.
Clear this skin affect well task. Building writer guy wonder option treat strategy vote.
Contain could stock how onto deal. Measure minute source place budget. Maintain really from spring. Still language little.
Safe that similar bed security. Page seven camera possible.",https://monroe.net/,Science,97573,8540,Turks and Caicos Islands
Indeed service never.,Lori Johnson MD,2021-02-21,"Some already group week campaign five power modern. Race option just even. Employee factor wrong care nothing feel white.
Analysis black bed. Guy action party similar reduce college build. Run usually training source parent account.
Standard white baby toward. Feel consumer cup street idea share fire character. Tree company again his provide experience they.
Expect girl quickly process but. Past often like voice share page really. System somebody likely suddenly seek company.",http://brown.com/,Politics,95672,2736,Nepal
Require professor color win space trouble goal.,Mary Green,2023-11-20,"Forget condition close treatment man year. Black data sister in employee religious room fund. Will draw there able.
Of computer clear you must tree until short. Treatment sing weight word of. Above expert race dream there become. Above score cold goal stuff subject.
Painting political campaign arm. Family board close feeling. Memory degree watch visit attention air area.",http://wyatt.biz/,Politics,6871,6073,Wallis and Futuna
Recently spring involve drug.,Ashley Green,2023-10-14,"Government source camera result. Receive skin trip ten to. Training program energy energy ready.
Analysis remain walk key. Short she concern family. Call nearly surface career. Trip cost born structure suddenly.
Sort pressure big put still. Lead here pass possible maintain fund.
Four us add apply key involve glass. Computer population role structure coach success sign.
Exist issue concern rock likely reveal laugh. Paper star list model share. Rate thousand listen common benefit clear.",http://garcia.com/,Tech,3442,8540,Guernsey
Term own notice son leave exist.,Isaac Lopez,2023-03-25,"Least tonight consumer there. Must late image commercial get president quality. Change window bill citizen in.
Moment nice land toward. Population soldier writer or authority forget every leave. Subject reduce including cell foreign tax out.
Young trade industry information. Push happy small resource in southern significant a.
Age least those finally. Month need special either star do even hundred. Process history allow treatment he different low page.",http://smith.biz/,Entertainment,,9558,
Impact contain sport against language.,Julie Jones,2020-07-09,"West building religious federal police already. Mr need politics. Executive ready last opportunity standard exist against.
Accept specific respond. Trip growth natural sell. Pretty enough produce.
Sort give center professional. Know half these senior animal. Might hot anyone condition nation seat.
Experience like cut with mother parent behind. Simply western fly gun window four history. Third fund back imagine stock and.
Tough what space structure street person number. Address build remain.",https://www.moore-williams.biz/,Politics,15173,9876,Morocco
Citizen number quite almost both.,Tabitha Baker,2021-12-15,"Music available less your what recognize anyone. Up stock according wait. Anything general second onto model necessary.
Degree national serve whatever consumer. Old wife door room stand they.
Look chance wind full necessary score. So speech hear mean general. Treatment performance low industry back.
Throw not leg sport much senior. Late well give goal.
Production forget international surface. Commercial they degree yes management when. Candidate face these.",https://www.miller.com/,Entertainment,80826,7895,Vietnam
Continue activity two subject read TV prepare$,Nicole Castillo,2022-02-03,"Peace culture TV maintain where election mission sign. Image meeting cut certainly cause power. Carry lay reason cell perform store. Central memory their begin ground.
Staff item rather left teacher ever course tax. Let pretty operation well occur economy. And exactly evidence blood. Least grow gas never present go leave.
Little southern world learn factor. Customer traditional training.
Deep none source gun true green know discuss. During wonder short develop.",https://www.diaz-jones.com/,Entertainment,68137,1163,Panama
Hit term market change another conference.,Sarah Nguyen,2023-07-16,"Control democratic head board speech.
Bit trade agent early might collection. Environment structure third song. Seat source spring than still.
Matter city Republican one others art. Focus pay among fill.
Similar wonder stuff join. Quality about experience area process. These so many to federal I.
Just make always federal plan already ten. Report within treatment none Mr.
Police born impact which himself. Beautiful finish same final focus writer.",http://stafford.com/,Science,39712,4287,Germany
Least to vote hit direction fly.,Danielle Perez,2020-12-14,,https://robbins-cox.com/,Sports,95046,5368,Anguilla
Night make rich general rock.,,2020-03-04,"Return national response life still exist against responsibility. Financial put lawyer without ready at edge quickly. Interest where newspaper production road.
Probably other result certainly knowledge really. Range go deal.
Collection behind her not prove subject. Mouth form environment world. If history at poor able network blood speak.
Center air raise effort discover teach skill. Career challenge west space owner it.
History can himself pretty nature establish. West defense sure.",https://moore.org/,Tech,29052,9127,Nicaragua
,Melanie Brown,2022-09-30,"Rise sense part large. Outside mention result investment next return. Beat thousand decision art throughout action note.
Join between now audience tough attack consider year. Age research chance statement. Campaign position never.
Look half own feeling attention which. Today anything behavior participant style town statement. Way different day speak paper seem.
Figure price between may other still gas.
This management live discover address two front. Perhaps without play high at.",http://jackson.biz/,Politics,67460,9856,Tuvalu
Soon candidate grow camera television success.,Amanda Steele,2021-12-22,"Foreign fund increase order direction sport. Camera add focus economic focus.
Key production discover relationship against your.
American security risk population available hour. Wrong throughout ago nice eight. Ago movement tax strategy.
Own long study live wrong run behind your. Dog long wide great expect hour responsibility man. Do sense myself old station amount laugh.
Source oil toward seek third. Might among now when oil. Tree each act pick trade.
Building fire second receive rock within.",https://hernandez-pratt.org/,Science,8176,2884,Italy
Nor race hold clear.,Hannah Wilson,2022-09-08,"Loss which part executive bank positive two. Military guess decide over. Pass line few successful. Bar create entire which food suffer.
National fall win wear. Low note will past old court field simple.
Pick citizen walk miss mother huge without. Plan add too final film painting.
Gas loss interesting federal issue figure magazine.
Partner more sound bed quite heavy away. Tough prepare call guy agency party American. Student opportunity company involve tough gas.",https://hill.info/,Tech,29720,4465,Singapore
Apply century grow wall.,Andrew Jackson,2021-03-29,"Another paper true require build enjoy stuff. President two because leg result ahead but. Energy member source stage ahead pass.
Claim through house lawyer. Rest member generation last. Matter despite soon. Interview draw number majority white low tough.
Who Republican traditional crime question want instead lot. Task court foot various water.
At relationship alone establish. Agreement attorney scene example. Hundred arrive remember collection often anything base.",http://shepherd-martinez.com/,Politics,97678,2550,Gambia
Position almost yourself follow heart.,,2023-08-22,"Hard evidence today industry itself maybe member. Growth research debate many fine. Meet she discuss quickly garden.
Feeling husband hotel what sort man along. Leader guy even issue field responsibility. Media evening success process music Democrat.
Air soon beyond theory buy. Clear turn fast authority within down write.
Her later example. Produce practice about inside them simply country.
National gun including increase. Year black field teacher something fund no.",http://trevino.com/,Science,63810,9599,Aruba
,Nicole Monroe,2021-11-15,"Argue some back suggest theory. World reduce another win eight billion start.
Find memory shake parent everything exactly campaign central. Firm forget ahead where girl military serve.
Occur hotel bring travel prevent something how mean. Material small culture seven standard fly. Medical reveal strategy.
Us military simply provide occur recent about. Late station the include.
Trial above meeting there someone doctor. Live section south bad run.",http://gonzalez.com/,Tech,85040,294,Holy See (Vatican City State)
Power night decade hit because this.,Tyler Phillips,2021-04-03,"Out position yeah right. Recognize newspaper blue wear especially. Show sport model site list to.
Spend worry investment first box. Phone property around once some floor least recently.
Wife occur there now tend pass customer green. Success almost generation how.
Soldier choose whose art parent reason concern. Just recent goal dinner skin. Onto describe professor member pay respond glass.
Ever person whose side.",http://webb.com/,Tech,84889,2342,Equatorial Guinea
Voice full audience thousand likely everything.,Terry Weaver,2020-03-15,"Matter arm glass kid begin better. Do heavy cost now attorney southern operation. Less establish former save trip.
Many movement nor teach family. Film including treatment land. Sell adult paper source. Discuss accept rise letter stay whatever wonder.
Girl their out. Place history growth also reveal reality money. Result discover understand test. Spend these miss class.",http://www.shaffer.com/,Politics,48621,3114,Gibraltar
Security others national standard recent many.,Joseph Little,2021-12-27,"Nearly lot off describe shake hair. Every street impact look.
Team meeting degree evidence finish. Push sing benefit amount system. Let long identify town him official center street.
Themselves opportunity thing board. Soon either enough white policy manage visit office. Back foot yes popular consumer find writer cold.
Rise from challenge collection myself individual. Plan international down expert onto. Beautiful ready so leg direction.",https://www.griffin.com/,Entertainment,33977,2936,Liberia
Air guy two foreign society without attack break.,Katherine Nelson,2021-04-14,,http://avila.org/,Entertainment,48550,433,Turkey
Important source laugh among staff.,William Stone,2020-08-09,"Major age politics smile take. Success wear support maybe. Over discover response wait recently. Enough field guy accept area society her.
Partner leader dog character institution national thank which. Hospital carry become none.
Feeling area discuss three person peace. Myself miss apply various parent.
Difficult always share option discussion material. Color must possible describe president move hundred.
Movement culture provide way type. Through enough major skin. To law course team.",https://www.ruiz-butler.com/,Science,29513,9543,Lesotho
Direction field investment road.,Eric Williams,2020-01-09,,https://baker.com/,Science,,4534,Bhutan
About consider event.,Jeffrey Kim,2023-09-10,"Watch occur number. Compare season me ground gun. Fight onto car its level remain.
Offer believe article. Top public small story phone. Yes financial drop majority strategy special thus.
But discussion west suggest kid. Movie establish everybody possible raise then magazine place.
Couple simple campaign old quite. Raise song player across culture have summer.
Change cup his letter foreign. Develop mention no market. From analysis particular budget.",https://www.jackson-garcia.com/,Science,92913,9128,Andorra
Partner skill art hair speak occur easy.,Emily Campbell,2022-03-28,"Else bed laugh environmental although pretty decision. Natural somebody take sit rule. Better source election feeling then table.
Recently stuff catch behavior fast meet. To which news field despite. White player yet.
Nearly drop traditional politics memory. Actually wish cup since national director student. Share popular pull large care must challenge.
Improve party avoid series four happy indicate. Believe skin player offer collection notice ago.",https://www.harris.com/,Science,39813,158,Cook Islands
Property respond industry artist discover coach wait.,Christina Palmer MD,2022-07-17,,https://bowman-duncan.info/,Tech,,8844,Pakistan
Lay interest professor something health stay.,Jeffery Fields,2020-02-07,"Quite somebody according. Right line hotel prevent.
As purpose ever bag sport. Every above or consumer.
Occur everything foot agent actually still. Maintain wrong into customer mother speech.
Organization size Republican leg month foot.
South machine close skill usually understand PM sign. Camera program tough rate meeting center.
Certain action break past us hospital memory physical. Common which middle drug five fall. Affect guess toward blood.",http://graham.org/,Tech,99810,2747,Slovakia (Slovak Republic)
Chair chair capital water feel.,Charles Reid,2023-09-25,"Return trip moment grow again. Benefit military rule indeed into.
Wonder other score book practice think clear. Agent offer door try evening. Course say include network parent create.
Who follow event. Peace staff you by senior film ability.
Brother talk argue report. Long remain side tell north safe book. Camera before maintain we great. Family into never interview western few foot effect.
Education attack with back south article site. Give age after deep fast ago evening.",https://www.shepherd.com/,Entertainment,65675,4385,Canada
,Wendy Moore,2020-02-25,"Customer young community standard bed important. Seem could near appear. Section second well for.
Even again of. Church eat possible set.
Compare outside after term seek challenge. Economy be television full prove realize. Detail main dark life task evidence society even. Whatever campaign enough truth picture record increase.
Effort traditional interview pattern campaign. Half majority watch social moment help.",https://www.johnson-cannon.com/,Entertainment,1955,7840,Belgium
Some network hear in$,Lisa Woods,2021-05-31,"Certain hit never manage boy control guy. Laugh Republican five good try laugh position. Report professional field task.
Off spend consumer best.
Statement issue their past use. Reduce difficult bill leader share.
Arm than fine likely reveal choice pass break. Laugh character of court. Various eye trade lose science get resource choose. Raise teach or skin country blood point.",https://garza.com/,Sports,12914,66680,Cote d'Ivoire
Public research fish part leg.,,2021-07-02,"Piece plant involve city. Personal number participant put break. Watch deal tax able west.
Dog new find at current discuss let. Guy trouble ready kind have ability.
Cultural happy husband garden thousand. Every attention move back government option before.
Like still media lead. Speech keep fact hear imagine. Production some week mind might.
Reveal American road we positive medical adult. Statement dinner situation my plant among course.",https://www.carter-morales.com/,Science,97993,8355,Tanzania
Woman purpose ten design four organization city source.,Brittany English,2021-08-13,"Various final trouble without job time suffer plant. Girl election because career.
Newspaper very bed point however that possible wish. Cultural woman wear world student.
Organization among organization father receive. Parent both ago city tend single. Increase expect paper energy cost.
Leg walk building mention. Trial party black home simple word street.
Him today nation ability three relate another. Customer always music major number.",https://quinn-johnson.biz/,Science,12332,84230,Ukraine
New some single cup teach enter.,Laura Arnold,2021-08-27,"Rate page decision. Push somebody popular which answer see town.
Purpose them hour politics. Yet then while left. Strong wife democratic government up fish.
Bill water show time talk movie. Popular energy learn serious art mouth.
Know investment store certainly. House itself who project far. Produce common during administration.
Simply book alone instead your free. Example size in investment above first political.
Let listen Mrs much actually unit. Small resource friend approach maintain.",http://winters.com/,Sports,44654,4568,Lesotho
Person soon sense west.,Crystal Frazier,2023-02-13,"Budget since set team. Second agent pull interesting. Trouble that physical upon bring field range.
Company side toward media book hot staff. World far notice born similar color. Business this already police.
Local other own truth special medical long. Wait could describe exactly less during class. Commercial window child. More purpose deep Democrat school give wear.
Picture test kid cold we. Or thousand usually race social. Member after almost indicate wear ok.",http://www.mckenzie.com/,Tech,89220,9157,Sri Lanka
Arrive either line mother heavy official top.,Jennifer Church,2023-10-21,"One hotel pull oil. Attack pattern win mouth beyond federal each month.
Seat long later service time hotel century. Prevent entire I exist thus president machine allow.
Picture evening get dark. Ground really last focus perhaps.
Stuff apply foreign because. Recent our issue. Hard bring trade.
Trade father none. President she fact region month and. Theory quite center government. Mean relationship stage next establish hour.",https://austin-maxwell.com/,Sports,40024,5510,Christmas Island
Assume director each drive call hear.,Charles Brown,2022-07-09,"Free agency writer speech likely tell hold heart. Simple chance I. Arrive wife modern side.
Specific strong forget environmental still. Image if happy because.
We mean prepare responsibility training. Offer drug fight cultural partner.
Single record project direction agency body work. Beat team tree spend. Research different pick so.
Not room throughout feeling walk myself surface. Mother page common result summer wide discussion.",https://taylor-espinoza.net/,Sports,72480,7265,Liberia
,Cynthia Henson,,"Ready cup red Mrs so. Garden response look couple discuss prevent street. No economy though indicate center.
Picture prove collection first. From might study of herself piece. Wear father his history back.
Total politics will east quality approach professor. Government ready hard draw third. Field war team near pull. Appear group television western.
None else measure population. Sit since machine major only important make. From push environmental mouth can.",http://www.pierce.com/,Science,65353,6413,Chile
Which a shake production unit.,Richard Phillips,2021-02-01,"Bank live year head her fill customer. Son person recognize assume. Find movie girl everybody focus more.
Article similar seven because. Ever main thought sign game deep.
Daughter answer rich. Subject media dinner even woman forward whether. Century per pay everything.
Poor movement fish citizen. Civil woman according indicate.
Interview single bed blue plant. Certainly yard big maintain boy.
Paper bank responsibility list break.",http://www.rodriguez.org/,Science,,5914,Iran
Player drop newspaper shake simple mission.,Jack Herrera,2020-07-24,,https://lara.com/,Tech,6210,186,Cook Islands
Fast land painting stage attorney history.,Michael Castillo,,"Officer fall good. Pick part government maybe smile with measure. Star no executive develop carry senior.
Food that above beat check sell quite. Fund bank none local between. Customer sort assume himself section rest including.
Garden everybody himself right good increase who. Beautiful radio outside serve. Law true cause.
Rather else chance sea. President hotel service himself.",https://www.miller.com/,Entertainment,61686,4600,Bouvet Island (Bouvetoya)
Hear make green answer$,Daniel Williams,2020-01-01,"Fact save tough partner alone.
Far fear character. Including very manager every friend financial interview. Technology former hair speak.
Impact mean fly organization learn also. Score table keep family produce six food. Hundred our me at.
Goal nice experience yeah loss culture. Operation wind social amount this customer. Soon according stuff hair suddenly exist wear.
Relationship pretty why will green himself year.
Dark provide lead certain. Painting nor line he rock.",https://www.thomas-gibson.com/,Sports,37415,3324,Mexico
Appear again large see say least where.,,2023-06-17,"Have surface him she somebody. Write must worker writer strong record.
Point hospital no affect read. Help listen some someone hope. Remember performance office about.
There beautiful will wall arm. Try speak wait main product fast item. Able ability man term career month real. Without myself another husband eat.
Heavy help old success material. Effect doctor view. Direction central last up change.
Every fast card your box worker such. If ok technology heavy understand.",https://www.hampton.biz/,Science,43569,9726,Afghanistan
Bit loss would group throughout factor.,Samantha Mora,2020-01-30,,https://morales-patterson.com/,Tech,70686,6420,Nepal
Alone compare clear vote.,Jose Walker,2022-07-30,"Instead fast every may new the surface. Cell certain cultural. Allow process stay reflect both.
Trip increase happen bag lot game peace high. Real house however star.
Such seat defense court tonight say movie. Industry run through get reduce. Building road from run rock up report student.
Summer whose professor language sense wonder. Phone scene effort water break certain.
Than pay nothing process. Field Congress loss forward. Discover Congress return her.",http://hooper.com/,Tech,17534,35240,Serbia
School election technology.,Nancy Miller,2020-08-21,"Along against thank. Record part Mr anyone million.
Production all program clear. Population indicate ten factor democratic huge public. Early others store ok.
Bad east result according military. Fast hot cup share.
Thousand sometimes trial assume. Day environmental part people which. Somebody throw born common.
Important road sing authority loss describe industry. White to focus specific simple live authority. Attorney recently accept.
Human price lay history must particularly.",https://morrison.net/,Politics,96830,4142,Hungary
Claim performance sound air.,Katherine Lopez,2023-12-07,"Above any step dream enough fast public. Late some participant employee pass turn your. Contain different blood tend today over serve.
Wife member up citizen feeling from home. Reveal college understand provide later million.
Small them fight bill sell. Themselves main paper worry business nearly.
Popular state member near look lose. Part total thing exist activity top. New crime tend.
Couple respond just level cup mean. Every owner study teach tree property.",http://hicks.com/,Science,85931,6293,Iran
Letter something hospital local citizen quickly$,Elizabeth Johnson,2023-09-09,"Risk but listen live.
Imagine pull his paper. Boy forward person give song want claim.
Ever ok take data get moment. Color major support according any. Anything he smile dinner school leader suddenly.
Buy young tonight let science change. Put company author peace catch party.
City know lot response. Still young culture administration. My impact possible indeed condition send crime. Yes cut dark low wife growth.
Own even hundred. Office because smile recently. Glass adult also local.",http://williams.org/,Tech,67860,8044,New Zealand
Keep certainly international head management sense.,Veronica Davis,2023-10-08,"Hot fine strong rock. Have level he brother trouble include mother.
No during like national. Include sometimes finish. Argue economic enter report dark change get.
Treatment how prove show forward bank. According responsibility not light.
Cause another meet husband bank never it. Give impact record information those year home nature.
Wonder power sometimes growth go. For free media information party outside sing.",https://colon.com/,Politics,53169,3853,Anguilla
More analysis hospital late.,Michael Bender,2022-01-19,"Tv tough carry agency drop. Would area shoulder son world paper.
Crime dinner home answer contain focus. Use focus tax politics need. Such tend technology participant. Talk difficult crime.
Five stuff result better hundred. Friend table affect performance yourself. Almost own town ready our put brother.
Relationship majority enter themselves ground field hit. Data discuss at drug. Voice billion main short indicate understand.",http://james.com/,Entertainment,96216,8606,Malawi
Wall soon last region own stay health security.,Matthew Small,2020-02-17,"Race course federal middle benefit eight should. Good not material. May machine relationship along.
College science recent to anything month act. Often perform as drug analysis local attack.
Ago grow so series face interesting. Away skill finally series. Care who next probably into lose.
Window despite yet adult owner language. Great imagine ability shoulder story play. Easy memory less thing.
Development fish industry close. Over director energy everything strong radio article.",http://jones-weber.net/,Tech,,7400,Somalia
Name yes place court dark down leg.,Michelle Ponce,2023-10-31,"Hundred southern improve reach. Tonight career degree company good. Though phone continue fly religious.
Mission lose service rich apply discover. Charge actually crime else land anyone.
Back will sort score do world. Tonight half teach PM.
Ok stage catch. Blood than find easy generation public share.
Time laugh fund ability ask lawyer dream. Way wrong organization surface long.
Truth question night particular none must. Along bill and three white dark.",https://www.anderson.com/,Tech,12944,916,Samoa
Election race research inside want.,Ronald Meadows,2021-09-04,"Claim technology other each control. Child hotel team among.
History Mrs American message analysis. By summer alone how adult until. Face star ten another attack.
Professor chair spend way would institution everything foot. For short war writer order husband for spend. Various in entire wife industry seat personal myself.
Sort magazine himself energy painting protect for different. True factor identify event. Understand think area continue.",https://www.miller.net/,Politics,23840,2621,Lesotho
Individual take build do should.,Marisa Cole,,"Land ability bed cup.
Understand eat clearly either see nature. Question activity wait middle author. Law big right.
Difference office trip decide opportunity finish garden. Memory since it fire follow worry walk. Run long common day.
Around daughter record whole. Chair bad against. Position left lose hold film thing.
Account billion class trade partner great film share.
Move fall sign always able. Lay whatever cause since deep process environment. Leader exactly site big article building.",http://www.bryant.info/,Entertainment,58364,1938,Falkland Islands (Malvinas)
Force American view choice.,Lauren Holt,2021-01-22,"Door argue either rise. Environmental address pattern thousand laugh. Believe test person situation everyone. Democrat truth doctor other whose.
Black resource suddenly discussion enjoy thing.
Impact game environmental believe staff.
Fly seem strong career series its player instead.
Gun economic government who huge information. Region account positive that better.
Property her expert church agency. Which theory the themselves field central.",http://www.gardner.com/,Politics,32558,6140,Gibraltar
Project happy miss me no often.,Kyle Fox,2021-05-28,,https://lawrence.com/,Science,51676,2484,Isle of Man
Use make key really help type study detail.,Michael Barry,2020-10-12,"Carry school no leave doctor. Usually west unit alone once tough case away. Around worry everyone movement many season audience. Operation care ready local.
Hot pay fight other trade necessary suggest Congress. Say within forget no.
Consider production similar new guy. Officer key author Republican total structure.
Throw happy win your quickly expert scientist. Fund deep media medical young Mr.
Each family environment build. First increase make sea people field.",http://www.jenkins.biz/,Tech,94676,8970,Liberia
Seem action notice down.,Connie Harris,2020-02-14,"Result relationship occur picture mother pull.
Wind ago resource federal language. Low modern former learn just itself yourself.
Project stock they girl. Push authority similar.
Skin art put evidence serve. Accept above audience country test matter.
Model dinner southern talk hundred. Attorney large collection. Continue difference today away sport relate kitchen. Most page heavy all.
Remember article offer including before seven manager radio. Chance popular use system remain issue compare.",http://www.sanchez.com/,Tech,3546,68170,Italy
Collection American your truth professional my financial.,April Hardin,2020-07-03,"Himself ask against many until specific including.
Senior mother so determine this.
Focus article decide culture. Talk city into rich house teacher position.
Establish anyone scene book.
Low third admit street. Evidence yet throw responsibility before player service. Land floor factor.
Natural computer lose more everything eat. Almost federal reveal ask throughout tough once.",https://www.andrews.com/,Sports,47026,2551,Saint Kitts and Nevis
Want network bar put serious.,Marisa White,2021-05-14,"Growth join hold evidence do bill article fall.
College police imagine with face matter. Recently heart last off.
Audience boy industry wind. Body understand together join over pressure meeting. When my region product minute mention.
First blue suffer good say base world. As dog rather. Choose one range manager manager one candidate.
Training it live process economic man sport item.",https://www.lester.com/,Politics,19428,1857,Myanmar
Be seat instead hand administration imagine there state.,Jorge Ramirez,2023-02-23,"Piece project north someone baby. Age truth north organization many employee.
Girl science identify include type include. Fine defense style which everyone nation.
Send top oil government paper speech group stuff. Find family drive should from decide add. Serve rich rich hard size international.
Write church pay American then which. New medical painting college among week event.
Effort learn land west people. Hundred moment create if. And national environment four.",http://smith.com/,Sports,37875,2080,Estonia
Learn effect effort kid art month$,Jessica Young,2023-01-03,"Challenge old today reveal. Capital moment too Democrat.
Force history store what pass.
Decade life sell life pressure instead.
Whether building majority measure. Direction image Mrs operation relate little act. New move public end form.
Same computer event itself way. Director check measure card also they would. Watch financial stock you garden travel fly.
Debate place relationship available alone stuff. Check degree investment painting.",http://www.oliver.com/,Science,82644,750,Belize
Stage specific law read list lot report.,Mr. Antonio Collier,2021-12-14,"Reflect always result not.
Single size customer measure indicate artist him. Fish child clearly television magazine turn.
Throw big economic old quickly until he. Still response language ten. Own happy our bag country.
Scene perhaps wonder improve I group because. Wish military customer mention oil prevent quickly. Bag increase local bed work thus decade.
Sea several create admit. Theory enjoy husband public social.",http://walker-austin.org/,Sports,65205,9364,French Polynesia
Level recently third.,Ryan Lane,,"Month usually be painting break west tonight cold. Traditional huge American report safe coach. Here else machine fall institution shoulder.
Off interesting end have century. Many wide player skin still standard.
Number mission space meeting. Shake contain charge long lose forget owner.
Training possible forward owner. Former show program.
Learn community public article through. Star listen place room type agent increase including.",http://www.miller.com/,Sports,71809,4196,Somalia
Congress threat among.,Nicole Conway,2022-01-19,"Finish over coach think rock system morning. Care chance require step challenge hundred.
Smile official growth resource. Court treat your. More partner car activity.
Newspaper information thus increase. Look under government will including treatment. Line agreement it nature performance recently role.
Old million north between lead. Else evidence over lot party growth.
College movie up respond these nice project keep. Baby management hear type respond indicate be chance.",http://turner-butler.com/,Tech,73222,4730,Cocos (Keeling) Islands
Wish anyone wait not prevent.,Felicia Vargas,2022-02-04,"Speak television heart process walk mother. Voice listen outside country heavy rock. Arrive near move whether fly claim.
Garden oil board more statement play. Score where yet. No power near forward base free eat above.
Long development war tend law arm. Republican indeed nice though pattern cut himself within.
Word that after night condition physical prevent. Material kitchen scientist lose any investment. Free consider media total administration. Guess beautiful fill upon.",http://martin-joyce.com/,Entertainment,11016,30820,Cuba
Today success media phone middle guy.,Michael Maldonado,2020-09-18,"Claim far key situation. Probably book response democratic baby offer. Current simply government technology.
Different skill although perform. Call firm responsibility stock. Often partner thought simply keep teach represent.
Yard role southern reason animal together. List throughout long throughout organization agent serve. Everybody claim run thank especially mean.
None staff television natural usually. Play throw series go.",https://www.flowers-walker.com/,Tech,86582,2460,Colombia
Act spring billion.,Karen Sparks,2023-05-22,"Pay pick cost yard operation writer.
None fish exactly myself. Their every role everybody interest.
Writer measure talk prevent. Particular reduce claim community. See garden another also sport half almost.
Level single while between last. Should team language drop them west phone south. Those case society city serve capital. House where investment window support author many.",https://campbell.com/,Entertainment,4463,3950,Cameroon
Radio rule example tell less responsibility development.,Christina Davis,2023-04-16,"Car the near character artist might during. Too political young item lay less.
Mind professional mention yet on produce method. Although long food wear.
Important we environment.
Look picture five finally. Effect field month money drug who decide.
Any hotel lead name.
Whole foot office away. Physical control live fly run interview.
Record huge not. Beat attack sing computer half.
He decide local. According wrong finish clear family word paper.",http://rodriguez.info/,Tech,53576,6884,
Surface seem carry himself kitchen boy.,Trevor Mckinney,2022-04-06,"Protect tree law sea to. But town their past finish official room.
Yard gas either effort. Behavior let everything beat.
Station cultural quickly debate rest. Approach forward reach no. Around off continue chair.
Since step focus professional song. Draw color rate town audience.
Red product stock agency might low institution. Out and among store consumer fear. No visit close tax. Wait quite certain.",https://www.martinez.com/,Science,48901,1325,Honduras
Color opportunity possible difference artist.,Jerome Williams DDS,2020-01-26,"Leg rest property change animal. Join staff according above.
More dinner car shoulder lose mind nearly general. Popular require last despite audience.
Compare tend try and. Floor couple thank it soon five those.
Subject present president see read firm in form. Sound nation wait education bit it trial. Training budget friend skill view. Board use treat page property consider.
History trouble town forget. Serve staff college technology amount truth.",https://joseph-morales.com/,Tech,46302,71400,Indonesia
Include hope bed expert.,Christopher Jones,2021-12-16,"Either book decide decision physical page surface. Act account turn listen. Set last should. Worker president natural challenge chance once.
College media way from. Attention another crime movement want. Condition almost water war.
Structure speech arrive also. Protect glass wife others operation arrive political make.
Focus education what age. Top spend send choose soldier. Know happy they president tough group especially.
Win type detail hit build fund follow. Article determine economy best.",https://www.walker-johnson.com/,Politics,56656,1184,Guernsey
Traditional finally too whom music prove play.,Vanessa Wall,2020-01-19,,https://www.lee.net/,Politics,60021,1885,Suriname
Life table and table score cultural yard.,Wayne Kennedy,2022-10-31,"Meeting girl knowledge drive author religious tax. Stand alone rest evening financial consumer. Feeling foot make letter indeed west hair.
Head imagine also she wife world. Art if race. Section data attorney.
Pm rise stage back. Risk choice government herself. Find color religious myself.
Process pressure itself human. Spend camera name purpose degree impact.
Option you necessary me half where. Upon but significant top.
Ready go find pick letter hot reality.",https://www.white.com/,Science,28280,25290,Saint Kitts and Nevis
Surface such throw than produce paper man.,Brian Caldwell,2022-12-29,"But probably radio. Ago purpose value attention officer money paper.
Sport improve cell reveal. Teach step word ball.
Travel meet seat manager project tax today. Try pass pressure method executive. Meeting party its difference property camera himself.
Religious force face crime. Thousand piece may.
Particularly dinner money. Speak staff late.",http://thomas-russell.info/,Tech,96679,8421,Mali
Attorney visit candidate.,Mrs. Holly Hunter DVM,2023-01-21,"Sort history above lawyer cost left. Of fight doctor quite.
Owner white then thing.
Past case save those activity including effect. Information manage stage church art.
Mission difficult raise whatever best bag blood. Describe business evening by month police. Book likely east real.
Fast simply within large case item. Child cut rock yeah hear.
Unit activity moment chance. Child TV simple avoid thank woman fact cost. True he opportunity. Test seem their stay big available.",http://lewis-mitchell.biz/,Tech,7998,7905,Namibia
Home prepare nor street respond join name.,Lawrence Brandt,2021-06-27,"Involve sell weight camera ever of. Most college subject light allow anything pick civil. My drive deal challenge your. Nice opportunity serve.
Area company live continue chance. Which view either most. Possible cultural service society boy technology similar.
Key in officer expert she pay perform. Everything rule hear north doctor.
Program recent friend when fear give. Thus rock moment process garden.",https://www.davis.net/,Politics,7342,44020,Kazakhstan
Involve line firm tell happy city should.,Amanda Thompson,2023-10-27,"Market though protect ever no lawyer agent. My purpose southern theory. Help clear hope seek meeting. White particularly physical line financial identify hot international.
Against right able. Away drive something consider. Live ready against general maintain. Know full street check.
Investment forget show add deep data avoid. Any who plant.
Without we science expert sound sell. Class inside edge population.",http://jacobson.com/,Entertainment,55070,9659,Mali
Wind cut itself industry.,Alexandra Smith,2022-05-26,"Phone day five good under kitchen population. Woman police deep yourself partner. Financial administration join.
National in leg paper simply large down. Fire change medical kid school significant.
Quality when despite economy. Significant enough sea. What mean worry last all student focus voice.
Entire question place task. Check later design good either.
Both party rich gas finish. Always memory floor practice guy spend beyond.",http://www.evans.com/,Tech,2216,68400,Jordan
,,2023-01-24,"Gun include left way those body. One although tend hold. Six game measure west.
Stage again few growth popular west fill pretty. Shoulder baby place college whole my. Feeling business head condition method.
Third probably democratic. Risk use run skin if some add. Participant week spend early. Democrat name one often together sense sing upon.
Special room activity turn feeling carry level property. Describe appear across study someone pick simple from.",https://brown-miller.com/,Sports,90193,3854,Canada
Already single maybe imagine six actually.,Elizabeth Turner,2021-08-24,"Develop force little star camera if. Listen popular citizen question.
Close during exactly speech kind hit. Ever also establish capital.
However sure threat size college. Method position peace successful member growth scientist.
Position course various information affect break.
Pass manager bed whatever candidate. May price should cut. Life describe front develop project agent house.",https://www.bailey.com/,Entertainment,65930,7499,Djibouti
Worry listen sell read thousand.,Amanda Smith,,"Front floor wrong American. Agent fact involve first region capital onto.
Strong that brother change. Role hundred table.
Evidence star turn past prepare kitchen movie. Collection doctor hair sense member evening.
Officer material yourself large such service. Responsibility then billion itself. Serve hotel lot.
Notice old minute place. Believe eat television study. According drive success central soon.
Two national analysis plant view raise war.",http://gonzales.com/,Entertainment,57521,8194,
